{
    "experiment_1": {
        "experiment": 1,
        "inputs": [
            -6,
            -3.0,
            -0.5,
            0,
            0.5,
            3.0,
            6
        ],
        "gradients": [
            2.4576547405286142e-05,
            0.009866037165440211,
            0.7864477329659274,
            1.0,
            0.7864477329659274,
            0.009866037165440211,
            2.4576547405286142e-05
        ]
    },
    "experiment_2": {
        "experiment": 2,
        "depth_gradients": {
            "0.5": [
                0.27257140477114494
            ],
            "4.5": [
                3.173398285314812e-05
            ]
        }
    },
    "experiment_3": {
        "experiment": 3,
        "scalar_grad_sum": 0.7864477329659274,
        "population_grad_sum": 3.1457909318637096
    },
    "experiment_4": {
        "experiment": 4,
        "inputs": [
            1.0,
            2.0,
            3.0
        ],
        "gradients": [
            3.0,
            5.0,
            7.0
        ]
    },
    "experiment_5": {
        "experiment": 5,
        "population_grad_sums": {
            "[1.0, 1.0, 1.0]": 1.2599230248420783,
            "[1.0, 1.0, 3.0]": 0.8498147203934925
        }
    },
    "experiment_6": {
        "experiment": 6,
        "inputs": [
            0.5,
            0.5001
        ],
        "gradients": [
            0.7864477329659274,
            0.7863750439424013
        ]
    },
    "experiment_7": {
        "experiment": 7,
        "gradients": {
            "-3": [
                0.009866037165440211
            ],
            "-1": [
                0.41997434161402614
            ],
            "0": [
                1.0
            ],
            "1": [
                0.41997434161402614
            ],
            "3": [
                0.009866037165440211
            ]
        }
    }
}